,mean,std
der,0.5919961559330823,0.31112143415264826
miss,0.19096164517329545,0.14485045337941135
false_alarm,0.03755979930451382,0.19590525607075285
confidence,0.36347471145527316,0.2551005139230846
