,mean,std
der,0.9504295514435831,0.6539856613994677
miss,0.4924666330379373,0.22321027484970457
false_alarm,0.2614645682303076,0.6913854051333699
confusion,0.1964983501753381,0.17885943038001095
