,mean,std
der,0.526314913584786,0.26610751716003495
miss,0.1401629006803692,0.14747275644573665
false_alarm,0.07536903619513065,0.2175619633108598
confusion,0.3126835151951905,0.17738000032017104
