,mean,std
der,0.4302547249706421,0.32108867689749393
miss,0.09578101602185693,0.0943431782959436
false_alarm,0.1122926237375814,0.28696603748980803
confusion,0.2221810852112038,0.15839698844207367
