,mean,std
der,0.2459102210764903,0.2717754163625021
miss,0.10146503204822552,0.12185498203420264
false_alarm,0.07091431059524227,0.19708288626307022
confusion,0.07353087843302253,0.09351375409791957
