,mean,std
der,0.868541149706643,1.3506918284243312
miss,0.1607499759579297,0.14014759129110635
false_alarm,0.5799544322859429,1.3557335166843485
confusion,0.13795478530762706,0.12277078625677969
